book_id,chap_num,anger,anticipation,disgust,fear,joy,sadness,surprise,trust,sentiment
1,1,0.4,0.2,0.2,0.8,0.2,0.2,0.2,0.6,-0.2
1,2,0.18518518518518517,0.18518518518518517,0.1111111111111111,0.3333333333333333,0.18518518518518517,0.18518518518518517,0.14814814814814814,0.5925925925925926,0.2962962962962963
1,3,0.23809523809523808,0.09523809523809523,0.14285714285714285,0.3333333333333333,0.19047619047619047,0.14285714285714285,0.09523809523809523,0.5238095238095238,0.09523809523809523
1,4,0.39436619718309857,0.22535211267605634,0.18309859154929578,0.39436619718309857,0.22535211267605634,0.28169014084507044,0.09859154929577464,0.4084507042253521,-0.04225352112676056
1,5,0.2,0.26666666666666666,0.26666666666666666,0.26666666666666666,0.4,0.3333333333333333,0.2,0.4666666666666667,0.3333333333333333
1,6,0.3023255813953488,0.16279069767441862,0.13953488372093023,0.2558139534883721,0.16279069767441862,0.32558139534883723,0.11627906976744186,0.4418604651162791,0.046511627906976744
1,7,0.34285714285714286,0.05714285714285714,0.17142857142857143,0.4,0.14285714285714285,0.2857142857142857,0.05714285714285714,0.42857142857142855,-0.08571428571428572
1,8,0.23809523809523808,0.14285714285714285,0.14285714285714285,0.23809523809523808,0.19047619047619047,0.14285714285714285,0.09523809523809523,0.6190476190476191,0.23809523809523808
1,9,0.24324324324324326,0.1891891891891892,0.13513513513513514,0.32432432432432434,0.3783783783783784,0.1891891891891892,0.10810810810810811,0.5945945945945946,0.32432432432432434
1,10,0.2857142857142857,0.14285714285714285,0.19047619047619047,0.3333333333333333,0.19047619047619047,0.38095238095238093,0.09523809523809523,0.42857142857142855,0.0
1,11,0.20689655172413793,0.1724137931034483,0.13793103448275862,0.3793103448275862,0.20689655172413793,0.3103448275862069,0.06896551724137931,0.41379310344827586,-0.06896551724137931
1,12,0.3181818181818182,0.22727272727272727,0.22727272727272727,0.2727272727272727,0.22727272727272727,0.36363636363636365,0.18181818181818182,0.36363636363636365,0.13636363636363635
1,13,0.16,0.28,0.08,0.34,0.26,0.24,0.12,0.48,0.16
1,14,0.4888888888888889,0.26666666666666666,0.15555555555555556,0.5555555555555556,0.15555555555555556,0.5111111111111111,0.13333333333333333,0.2,-0.4666666666666667
1,15,0.08571428571428572,0.3142857142857143,0.11428571428571428,0.3142857142857143,0.2857142857142857,0.14285714285714285,0.11428571428571428,0.5428571428571428,0.4
1,16,0.18840579710144928,0.36231884057971014,0.057971014492753624,0.2898550724637681,0.43478260869565216,0.18840579710144928,0.15942028985507245,0.5797101449275363,0.34782608695652173
1,17,0.28125,0.3125,0.21875,0.5,0.4375,0.375,0.3125,0.40625,0.0625
1,18,0.1282051282051282,0.23076923076923078,0.10256410256410256,0.38461538461538464,0.2564102564102564,0.2564102564102564,0.10256410256410256,0.358974358974359,0.0
1,19,0.26,0.18,0.16,0.34,0.26,0.24,0.18,0.4,-0.02
1,20,0.23333333333333334,0.2,0.13333333333333333,0.36666666666666664,0.23333333333333334,0.3333333333333333,0.13333333333333333,0.43333333333333335,0.03333333333333333
1,21,0.2571428571428571,0.2,0.14285714285714285,0.37142857142857144,0.2,0.22857142857142856,0.08571428571428572,0.45714285714285713,0.05714285714285714
1,22,0.2982456140350877,0.19298245614035087,0.15789473684210525,0.3333333333333333,0.19298245614035087,0.2631578947368421,0.15789473684210525,0.5263157894736842,0.03508771929824561
1,23,0.14814814814814814,0.2222222222222222,0.1111111111111111,0.25925925925925924,0.18518518518518517,0.2962962962962963,0.2222222222222222,0.48148148148148145,0.037037037037037035
1,24,0.09090909090909091,0.09090909090909091,0.09090909090909091,0.2727272727272727,0.09090909090909091,0.18181818181818182,0.0,0.45454545454545453,-0.09090909090909091
1,25,0.10256410256410256,0.20512820512820512,0.1282051282051282,0.23076923076923078,0.28205128205128205,0.1794871794871795,0.1282051282051282,0.5897435897435898,0.3333333333333333
1,26,0.13636363636363635,0.25,0.06818181818181818,0.22727272727272727,0.2727272727272727,0.1590909090909091,0.11363636363636363,0.6818181818181818,0.45454545454545453
1,27,0.1875,0.2708333333333333,0.125,0.3333333333333333,0.2916666666666667,0.2708333333333333,0.14583333333333334,0.5,0.11458333333333333
1,28,0.07142857142857142,0.0,0.14285714285714285,0.42857142857142855,0.07142857142857142,0.42857142857142855,0.07142857142857142,0.35714285714285715,-0.35714285714285715
1,29,0.20634920634920634,0.1746031746031746,0.19047619047619047,0.2857142857142857,0.25396825396825395,0.2857142857142857,0.09523809523809523,0.4444444444444444,-0.015873015873015872
1,30,0.3333333333333333,0.23809523809523808,0.21428571428571427,0.3333333333333333,0.3333333333333333,0.2857142857142857,0.14285714285714285,0.5,0.09523809523809523
1,31,0.36363636363636365,0.12727272727272726,0.21818181818181817,0.4909090909090909,0.2,0.36363636363636365,0.10909090909090909,0.34545454545454546,-0.21818181818181817
1,32,0.1,0.4,0.2,0.2,0.45,0.3,0.25,0.45,0.2
1,33,0.15789473684210525,0.15789473684210525,0.05263157894736842,0.2631578947368421,0.3157894736842105,0.21052631578947367,0.21052631578947367,0.5263157894736842,0.21052631578947367
1,34,0.3,0.2,0.25,0.35,0.15,0.15,0.1,0.55,0.15
1,35,0.2222222222222222,0.05555555555555555,0.16666666666666666,0.5555555555555556,0.1111111111111111,0.3333333333333333,0.16666666666666666,0.2222222222222222,-0.3888888888888889
1,36,0.2692307692307692,0.25,0.17307692307692307,0.34615384615384615,0.19230769230769232,0.2692307692307692,0.09615384615384616,0.3269230769230769,-0.019230769230769232
1,37,0.35,0.15,0.15,0.45,0.2,0.4,0.15,0.3,-0.25
1,38,0.23076923076923078,0.07692307692307693,0.15384615384615385,0.38461538461538464,0.15384615384615385,0.38461538461538464,0.0,0.3076923076923077,-0.07692307692307693
1,39,0.3076923076923077,0.1794871794871795,0.1282051282051282,0.41025641025641024,0.15384615384615385,0.23076923076923078,0.1282051282051282,0.38461538461538464,-0.2564102564102564
1,40,0.1891891891891892,0.2972972972972973,0.13513513513513514,0.1891891891891892,0.2702702702702703,0.35135135135135137,0.21621621621621623,0.4864864864864865,0.16216216216216217
1,41,0.34782608695652173,0.2391304347826087,0.10869565217391304,0.3695652173913043,0.2608695652173913,0.2608695652173913,0.13043478260869565,0.4782608695652174,-0.043478260869565216
1,42,0.27586206896551724,0.3448275862068966,0.13793103448275862,0.2413793103448276,0.2413793103448276,0.2413793103448276,0.13793103448275862,0.5862068965517241,0.3793103448275862
1,43,0.2079207920792079,0.22772277227722773,0.1782178217821782,0.3069306930693069,0.33663366336633666,0.19801980198019803,0.13861386138613863,0.5247524752475248,0.21782178217821782
1,44,0.30303030303030304,0.2727272727272727,0.15151515151515152,0.3333333333333333,0.2727272727272727,0.18181818181818182,0.12121212121212122,0.5151515151515151,0.0
1,45,0.23809523809523808,0.23809523809523808,0.12698412698412698,0.4603174603174603,0.1746031746031746,0.3333333333333333,0.07936507936507936,0.3968253968253968,-0.047619047619047616
1,46,0.3235294117647059,0.2647058823529412,0.29411764705882354,0.3235294117647059,0.2647058823529412,0.23529411764705882,0.17647058823529413,0.4411764705882353,-0.08823529411764706
1,47,0.3695652173913043,0.21195652173913043,0.2554347826086957,0.3858695652173913,0.28804347826086957,0.32608695652173914,0.08695652173913043,0.40217391304347827,-0.04891304347826087
1,48,0.3190428713858425,0.2193419740777667,0.21635094715852443,0.35692921236291125,0.22731804586241275,0.32602193419740777,0.1296111665004985,0.34297108673978066,-0.13359920239282153
2,1,0.2631578947368421,0.3157894736842105,0.15789473684210525,0.3157894736842105,0.3157894736842105,0.2631578947368421,0.3157894736842105,0.3157894736842105,0.05263157894736842
2,2,0.25,0.23214285714285715,0.16071428571428573,0.35714285714285715,0.26785714285714285,0.21428571428571427,0.16071428571428573,0.44642857142857145,0.017857142857142856
2,3,0.3,0.34,0.12,0.28,0.2,0.2,0.18,0.42,-0.02
2,4,0.2537313432835821,0.16417910447761194,0.23880597014925373,0.3582089552238806,0.208955223880597,0.26865671641791045,0.13432835820895522,0.47761194029850745,0.04477611940298507
2,5,0.3103448275862069,0.15517241379310345,0.15517241379310345,0.22413793103448276,0.27586206896551724,0.27586206896551724,0.15517241379310345,0.41379310344827586,0.034482758620689655
2,6,0.2894736842105263,0.2631578947368421,0.21052631578947367,0.2894736842105263,0.32456140350877194,0.23684210526315788,0.12280701754385964,0.3684210526315789,0.0
2,7,0.25806451612903225,0.2903225806451613,0.16129032258064516,0.3225806451612903,0.22580645161290322,0.3225806451612903,0.12903225806451613,0.5806451612903226,0.0967741935483871
2,8,0.2992125984251969,0.2125984251968504,0.2047244094488189,0.33070866141732286,0.2125984251968504,0.29133858267716534,0.12598425196850394,0.33858267716535434,-0.14960629921259844
2,9,0.16666666666666666,0.3333333333333333,0.16666666666666666,0.16666666666666666,0.16666666666666666,0.16666666666666666,0.16666666666666666,0.5,0.3333333333333333
2,10,0.24210526315789474,0.25263157894736843,0.15789473684210525,0.3368421052631579,0.3263157894736842,0.16842105263157894,0.11578947368421053,0.5052631578947369,0.15789473684210525
2,11,0.26666666666666666,0.26666666666666666,0.13333333333333333,0.375,0.3333333333333333,0.25,0.125,0.43333333333333335,0.041666666666666664
2,12,0.31746031746031744,0.25396825396825395,0.20634920634920634,0.31746031746031744,0.29365079365079366,0.21428571428571427,0.1111111111111111,0.3888888888888889,-0.031746031746031744
2,13,0.36231884057971014,0.2463768115942029,0.14492753623188406,0.391304347826087,0.2463768115942029,0.17391304347826086,0.11594202898550725,0.4057971014492754,0.028985507246376812
2,14,0.3389830508474576,0.2796610169491525,0.1440677966101695,0.3898305084745763,0.2711864406779661,0.2457627118644068,0.13559322033898305,0.3983050847457627,-0.025423728813559324
2,15,0.3533834586466165,0.23308270676691728,0.19548872180451127,0.39849624060150374,0.24060150375939848,0.2556390977443609,0.11278195488721804,0.40601503759398494,-0.11278195488721804
2,16,0.14705882352941177,0.11764705882352941,0.08823529411764706,0.35294117647058826,0.17647058823529413,0.17647058823529413,0.029411764705882353,0.6176470588235294,0.17647058823529413
2,17,0.3090909090909091,0.21818181818181817,0.10909090909090909,0.3090909090909091,0.2545454545454545,0.2,0.10909090909090909,0.4727272727272727,0.10909090909090909
2,18,0.3404255319148936,0.2553191489361702,0.20212765957446807,0.3404255319148936,0.19148936170212766,0.2553191489361702,0.11702127659574468,0.4574468085106383,-0.0425531914893617
2,19,0.2717391304347826,0.2391304347826087,0.13043478260869565,0.32608695652173914,0.2391304347826087,0.22826086956521738,0.14130434782608695,0.5217391304347826,0.09782608695652174
2,20,0.3125,0.2916666666666667,0.125,0.3958333333333333,0.2916666666666667,0.2604166666666667,0.125,0.4375,0.0
2,21,0.4146341463414634,0.17073170731707318,0.15447154471544716,0.43902439024390244,0.16260162601626016,0.3089430894308943,0.08130081300813008,0.35772357723577236,-0.1951219512195122
2,22,0.25,0.22727272727272727,0.10227272727272728,0.29545454545454547,0.2159090909090909,0.20454545454545456,0.10227272727272728,0.5,-0.022727272727272728
2,23,0.23404255319148937,0.1702127659574468,0.06382978723404255,0.2978723404255319,0.2127659574468085,0.1276595744680851,0.06382978723404255,0.7021276595744681,0.3829787234042553
2,24,0.22807017543859648,0.22807017543859648,0.08771929824561403,0.2982456140350877,0.3157894736842105,0.22807017543859648,0.12280701754385964,0.5614035087719298,0.19298245614035087
2,25,0.29411764705882354,0.17647058823529413,0.17647058823529413,0.3382352941176471,0.23529411764705882,0.14705882352941177,0.07352941176470588,0.5147058823529411,0.08823529411764706
2,26,0.2925170068027211,0.21768707482993196,0.1564625850340136,0.3401360544217687,0.22448979591836735,0.2585034013605442,0.11564625850340136,0.4557823129251701,0.034013605442176874
2,27,0.36774193548387096,0.1935483870967742,0.21935483870967742,0.3419354838709677,0.18064516129032257,0.2838709677419355,0.10967741935483871,0.36774193548387096,-0.1870967741935484
2,28,0.42857142857142855,0.23214285714285715,0.22321428571428573,0.5357142857142857,0.16964285714285715,0.35714285714285715,0.10714285714285714,0.2857142857142857,-0.2857142857142857
2,29,0.3181818181818182,0.24242424242424243,0.16666666666666666,0.4166666666666667,0.20454545454545456,0.30303030303030304,0.11363636363636363,0.3787878787878788,-0.15151515151515152
2,30,0.3163841807909605,0.1977401129943503,0.15819209039548024,0.327683615819209,0.2655367231638418,0.2033898305084746,0.1016949152542373,0.4011299435028249,-0.022598870056497175
2,31,0.21238938053097345,0.22123893805309736,0.18584070796460178,0.3008849557522124,0.24778761061946902,0.23893805309734514,0.09734513274336283,0.49557522123893805,0.19469026548672566
2,32,0.19696969696969696,0.22727272727272727,0.09090909090909091,0.18181818181818182,0.22727272727272727,0.19696969696969696,0.10606060606060606,0.5303030303030303,0.16666666666666666
2,33,0.18421052631578946,0.3026315789473684,0.11842105263157894,0.2236842105263158,0.3157894736842105,0.19736842105263158,0.06578947368421052,0.5526315789473685,0.2631578947368421
2,34,0.29213483146067415,0.3146067415730337,0.19101123595505617,0.3707865168539326,0.3258426966292135,0.20224719101123595,0.15730337078651685,0.43820224719101125,0.0898876404494382
2,35,0.24705882352941178,0.2823529411764706,0.16470588235294117,0.29411764705882354,0.35294117647058826,0.17647058823529413,0.15294117647058825,0.5411764705882353,0.2823529411764706
2,36,0.2,0.24166666666666667,0.13333333333333333,0.25833333333333336,0.275,0.16666666666666666,0.14166666666666666,0.5,0.15833333333333333
2,37,0.22535211267605634,0.2535211267605634,0.11267605633802817,0.3380281690140845,0.30985915492957744,0.2112676056338028,0.14084507042253522,0.5070422535211268,0.09859154929577464
2,38,0.3148148148148148,0.24074074074074073,0.2222222222222222,0.36419753086419754,0.25308641975308643,0.2777777777777778,0.1111111111111111,0.4012345679012346,-0.06172839506172839
2,39,0.2604166666666667,0.2708333333333333,0.10416666666666667,0.3020833333333333,0.3020833333333333,0.19791666666666666,0.125,0.4895833333333333,0.11458333333333333
2,40,0.17647058823529413,0.3411764705882353,0.1411764705882353,0.3058823529411765,0.35294117647058826,0.15294117647058825,0.11764705882352941,0.6,0.3411764705882353
2,41,0.2962962962962963,0.22792022792022792,0.1737891737891738,0.33048433048433046,0.23931623931623933,0.26495726495726496,0.08262108262108261,0.4444444444444444,0.0
2,42,0.25925925925925924,0.25925925925925924,0.1388888888888889,0.3888888888888889,0.25,0.25925925925925924,0.12962962962962962,0.4074074074074074,-0.018518518518518517
2,43,0.2631578947368421,0.2679425837320574,0.1722488038277512,0.3444976076555024,0.27751196172248804,0.24880382775119617,0.1291866028708134,0.39712918660287083,0.014354066985645933
2,44,0.26993865030674846,0.2392638036809816,0.20245398773006135,0.3006134969325153,0.26993865030674846,0.25153374233128833,0.1165644171779141,0.44785276073619634,-0.012269938650306749
2,45,0.2864864864864865,0.22702702702702704,0.1945945945945946,0.34594594594594597,0.20540540540540542,0.24324324324324326,0.14054054054054055,0.3891891891891892,-0.08108108108108109
2,46,0.27906976744186046,0.2372093023255814,0.15348837209302327,0.33488372093023255,0.24186046511627907,0.24651162790697675,0.10232558139534884,0.4604651162790698,-0.009302325581395349
3,1,0.3103448275862069,0.20689655172413793,0.13793103448275862,0.4827586206896552,0.1724137931034483,0.3103448275862069,0.1724137931034483,0.4827586206896552,-0.1724137931034483
3,2,0.3050847457627119,0.17796610169491525,0.1864406779661017,0.4152542372881356,0.1864406779661017,0.2457627118644068,0.1016949152542373,0.423728813559322,-0.0847457627118644
3,3,0.3050847457627119,0.22033898305084745,0.11864406779661017,0.4745762711864407,0.22033898305084745,0.2542372881355932,0.1016949152542373,0.4067796610169492,-0.1016949152542373
3,4,0.26666666666666666,0.13333333333333333,0.13333333333333333,0.4666666666666667,0.13333333333333333,0.36666666666666664,0.1,0.4666666666666667,-0.16666666666666666
3,5,0.27419354838709675,0.23387096774193547,0.18548387096774194,0.2903225806451613,0.25,0.33064516129032256,0.07258064516129033,0.43548387096774194,-0.056451612903225805
3,6,0.15384615384615385,0.2517482517482518,0.1048951048951049,0.25874125874125875,0.27972027972027974,0.20279720279720279,0.09090909090909091,0.5874125874125874,0.26573426573426573
3,7,0.24242424242424243,0.23484848484848486,0.15151515151515152,0.3560606060606061,0.30303030303030304,0.24242424242424243,0.09090909090909091,0.5303030303030303,0.14393939393939395
3,8,0.2426470588235294,0.21323529411764705,0.13970588235294118,0.2647058823529412,0.3014705882352941,0.20588235294117646,0.08088235294117647,0.5441176470588235,0.16911764705882354
3,9,0.2962962962962963,0.2037037037037037,0.2222222222222222,0.35185185185185186,0.18518518518518517,0.18518518518518517,0.07407407407407407,0.48148148148148145,0.0
3,10,0.2,0.2,0.13333333333333333,0.26666666666666666,0.2,0.3333333333333333,0.2,0.4,-0.2
3,11,0.25806451612903225,0.1935483870967742,0.13978494623655913,0.3870967741935484,0.20430107526881722,0.1935483870967742,0.08602150537634409,0.44086021505376344,0.053763440860215055
3,12,0.20833333333333334,0.20833333333333334,0.08333333333333333,0.375,0.125,0.25,0.041666666666666664,0.5416666666666666,0.08333333333333333
3,13,0.2948717948717949,0.21794871794871795,0.1794871794871795,0.47435897435897434,0.20512820512820512,0.2692307692307692,0.07692307692307693,0.4358974358974359,-0.08974358974358974
3,14,0.17543859649122806,0.2807017543859649,0.08771929824561403,0.3508771929824561,0.22807017543859648,0.2807017543859649,0.08771929824561403,0.45614035087719296,0.05263157894736842
3,15,0.3125,0.20833333333333334,0.16666666666666666,0.5,0.22916666666666666,0.25,0.0625,0.4375,-0.0625
3,16,0.32608695652173914,0.17391304347826086,0.1956521739130435,0.4492753623188406,0.1956521739130435,0.2826086956521739,0.050724637681159424,0.4057971014492754,-0.21014492753623187
3,17,0.29411764705882354,0.17647058823529413,0.058823529411764705,0.47058823529411764,0.23529411764705882,0.058823529411764705,0.058823529411764705,0.47058823529411764,0.17647058823529413
3,18,0.3113207547169811,0.1792452830188679,0.1509433962264151,0.46226415094339623,0.2169811320754717,0.32075471698113206,0.07547169811320754,0.3490566037735849,-0.16037735849056603
3,19,0.3815789473684211,0.18421052631578946,0.20614035087719298,0.41228070175438597,0.15789473684210525,0.32456140350877194,0.09649122807017543,0.32894736842105265,-0.2324561403508772
4,1,0.31420765027322406,0.2459016393442623,0.18579234972677597,0.39344262295081966,0.226775956284153,0.3360655737704918,0.11202185792349727,0.3469945355191257,-0.13387978142076504
4,2,0.3255208333333333,0.20833333333333334,0.1953125,0.3697916666666667,0.21354166666666666,0.3203125,0.10677083333333333,0.3854166666666667,-0.059895833333333336
5,1,0.19117647058823528,0.36764705882352944,0.11764705882352941,0.22058823529411764,0.3382352941176471,0.16176470588235295,0.10294117647058823,0.4264705882352941,0.25
5,2,0.17272727272727273,0.2727272727272727,0.07272727272727272,0.2636363636363636,0.2727272727272727,0.2,0.11818181818181818,0.5272727272727272,0.11818181818181818
5,3,0.24390243902439024,0.23902439024390243,0.16585365853658537,0.28780487804878047,0.24390243902439024,0.23414634146341465,0.11219512195121951,0.4634146341463415,0.06829268292682927
5,4,0.16,0.2733333333333333,0.11333333333333333,0.23333333333333334,0.30666666666666664,0.18,0.12666666666666668,0.5666666666666667,0.23333333333333334
5,5,0.14583333333333334,0.3020833333333333,0.08333333333333333,0.23958333333333334,0.375,0.21875,0.125,0.4895833333333333,0.1875
5,6,0.19230769230769232,0.23076923076923078,0.11538461538461539,0.2692307692307692,0.3076923076923077,0.19230769230769232,0.15384615384615385,0.46153846153846156,0.19230769230769232
5,7,0.13333333333333333,0.26666666666666666,0.26666666666666666,0.06666666666666667,0.4666666666666667,0.13333333333333333,0.2,0.7333333333333333,0.26666666666666666
5,8,0.275,0.2,0.1,0.275,0.25,0.325,0.075,0.325,-0.2
5,9,1.0,1.0,1.0,1.0,1.0,1.0,1.0,1.0,0.0
5,10,0.0,0.5,0.0,0.0,0.5,0.0,0.25,0.75,1.0
5,11,0.22727272727272727,0.36363636363636365,0.13636363636363635,0.5,0.29545454545454547,0.29545454545454547,0.1590909090909091,0.3409090909090909,-0.022727272727272728
5,12,0.1694915254237288,0.3728813559322034,0.0847457627118644,0.22033898305084745,0.288135593220339,0.22033898305084745,0.13559322033898305,0.4067796610169492,0.11864406779661017
5,13,0.15873015873015872,0.2222222222222222,0.1111111111111111,0.31746031746031744,0.2698412698412698,0.23809523809523808,0.20634920634920634,0.47619047619047616,0.047619047619047616
5,14,0.1746031746031746,0.2857142857142857,0.14285714285714285,0.3333333333333333,0.2222222222222222,0.31746031746031744,0.1746031746031746,0.36507936507936506,-0.06349206349206349
5,15,0.29333333333333333,0.25333333333333335,0.13333333333333333,0.26666666666666666,0.30666666666666664,0.24,0.17333333333333334,0.4666666666666667,0.05333333333333334
5,16,0.2962962962962963,0.37037037037037035,0.2222222222222222,0.3333333333333333,0.4444444444444444,0.37037037037037035,0.2222222222222222,0.4074074074074074,0.18518518518518517
5,17,0.27472527472527475,0.2087912087912088,0.12087912087912088,0.27472527472527475,0.26373626373626374,0.27472527472527475,0.16483516483516483,0.4835164835164835,0.03296703296703297
5,18,0.18032786885245902,0.29508196721311475,0.04918032786885246,0.22950819672131148,0.26229508196721313,0.32786885245901637,0.22950819672131148,0.5409836065573771,0.14754098360655737
5,19,0.21875,0.28125,0.15625,0.296875,0.34375,0.265625,0.09375,0.5625,0.140625
5,20,0.1388888888888889,0.3611111111111111,0.08333333333333333,0.16666666666666666,0.3333333333333333,0.2222222222222222,0.1388888888888889,0.6388888888888888,0.3055555555555556
5,21,0.23684210526315788,0.2894736842105263,0.10526315789473684,0.25,0.35526315789473684,0.27631578947368424,0.13157894736842105,0.5263157894736842,0.07894736842105263
5,22,0.15,0.3,0.1,0.05,0.5,0.2,0.1,0.55,0.35
5,23,0.19230769230769232,0.3076923076923077,0.11538461538461539,0.4230769230769231,0.4230769230769231,0.3076923076923077,0.2692307692307692,0.5384615384615384,0.19230769230769232
5,24,0.26666666666666666,0.23333333333333334,0.2,0.35,0.25,0.4,0.11666666666666667,0.3333333333333333,-0.15
5,25,0.2672955974842767,0.25471698113207547,0.18553459119496854,0.34591194968553457,0.2358490566037736,0.330188679245283,0.13522012578616352,0.3553459119496855,-0.11635220125786164
5,26,0.35555555555555557,0.2222222222222222,0.2,0.3111111111111111,0.24444444444444444,0.2,0.2,0.4666666666666667,0.08888888888888889
5,27,0.15267175572519084,0.33587786259541985,0.07633587786259542,0.2366412213740458,0.29770992366412213,0.22900763358778625,0.16793893129770993,0.4961832061068702,0.19083969465648856
5,28,0.0,0.25,0.125,0.0,0.375,0.125,0.25,0.625,0.75
5,29,0.15384615384615385,0.20512820512820512,0.10256410256410256,0.15384615384615385,0.3076923076923077,0.2564102564102564,0.10256410256410256,0.6410256410256411,0.3076923076923077
5,30,0.2,0.28,0.08,0.32,0.32,0.2,0.08,0.48,0.28
5,31,0.26548672566371684,0.2831858407079646,0.20353982300884957,0.35398230088495575,0.21238938053097345,0.3008849557522124,0.12389380530973451,0.4336283185840708,-0.07964601769911504
5,32,0.2962962962962963,0.21481481481481482,0.1925925925925926,0.28888888888888886,0.2814814814814815,0.2074074074074074,0.0962962962962963,0.4962962962962963,0.1111111111111111
5,33,0.2982456140350877,0.19298245614035087,0.10526315789473684,0.3333333333333333,0.21052631578947367,0.3508771929824561,0.12280701754385964,0.3684210526315789,-0.17543859649122806
5,34,0.10714285714285714,0.17857142857142858,0.17857142857142858,0.25,0.21428571428571427,0.21428571428571427,0.07142857142857142,0.6071428571428571,0.21428571428571427
5,35,0.12121212121212122,0.25757575757575757,0.10606060606060606,0.2727272727272727,0.2727272727272727,0.21212121212121213,0.13636363636363635,0.5151515151515151,0.18181818181818182
5,36,0.16393442622950818,0.2459016393442623,0.11475409836065574,0.16393442622950818,0.3442622950819672,0.13114754098360656,0.14754098360655737,0.6721311475409836,0.4262295081967213
5,37,0.30578512396694213,0.2727272727272727,0.12396694214876033,0.3140495867768595,0.2727272727272727,0.256198347107438,0.1322314049586777,0.4132231404958678,0.008264462809917356
6,1,0.17857142857142858,0.2857142857142857,0.07142857142857142,0.32142857142857145,0.2857142857142857,0.32142857142857145,0.14285714285714285,0.4642857142857143,0.03571428571428571
6,2,0.21212121212121213,0.3939393939393939,0.12121212121212122,0.15151515151515152,0.36363636363636365,0.15151515151515152,0.18181818181818182,0.5757575757575758,0.42424242424242425
6,3,0.20588235294117646,0.23529411764705882,0.1323529411764706,0.2647058823529412,0.2647058823529412,0.2647058823529412,0.19117647058823528,0.5735294117647058,0.23529411764705882
6,4,0.18032786885245902,0.2786885245901639,0.08196721311475409,0.19672131147540983,0.3442622950819672,0.2459016393442623,0.14754098360655737,0.47540983606557374,0.19672131147540983
6,5,0.2647058823529412,0.20588235294117646,0.14705882352941177,0.25,0.2647058823529412,0.2647058823529412,0.11764705882352941,0.5294117647058824,0.058823529411764705
6,6,0.19760479041916168,0.2874251497005988,0.19161676646706588,0.25748502994011974,0.25748502994011974,0.2694610778443114,0.1437125748502994,0.4491017964071856,0.04790419161676647
6,7,0.3225806451612903,0.25806451612903225,0.06451612903225806,0.22580645161290322,0.25806451612903225,0.25806451612903225,0.0967741935483871,0.5806451612903226,0.16129032258064516
6,8,0.15384615384615385,0.19230769230769232,0.038461538461538464,0.19230769230769232,0.2692307692307692,0.07692307692307693,0.07692307692307693,0.6923076923076923,0.38461538461538464
6,9,0.17475728155339806,0.2815533980582524,0.0970873786407767,0.2815533980582524,0.30097087378640774,0.21359223300970873,0.14563106796116504,0.5533980582524272,0.1650485436893204
6,10,0.25477707006369427,0.24203821656050956,0.1592356687898089,0.2229299363057325,0.27388535031847133,0.25477707006369427,0.1337579617834395,0.49044585987261147,0.09554140127388536
6,11,0.21481481481481482,0.26666666666666666,0.14074074074074075,0.23703703703703705,0.23703703703703705,0.21481481481481482,0.1037037037037037,0.4740740740740741,0.13333333333333333
6,12,0.1320754716981132,0.20754716981132076,0.05660377358490566,0.18867924528301888,0.32075471698113206,0.22641509433962265,0.09433962264150944,0.6415094339622641,0.3018867924528302
6,13,0.1694915254237288,0.22033898305084745,0.0847457627118644,0.2033898305084746,0.288135593220339,0.3050847457627119,0.1016949152542373,0.4915254237288136,0.0847457627118644
6,14,0.22033898305084745,0.2824858757062147,0.13559322033898305,0.2937853107344633,0.2655367231638418,0.3050847457627119,0.1638418079096045,0.4067796610169492,0.01694915254237288
6,15,0.28846153846153844,0.21153846153846154,0.11538461538461539,0.375,0.23076923076923078,0.2692307692307692,0.16346153846153846,0.47115384615384615,0.009615384615384616
6,16,0.22727272727272727,0.3409090909090909,0.06818181818181818,0.11363636363636363,0.3409090909090909,0.20454545454545456,0.11363636363636363,0.6363636363636364,0.25
6,17,0.24096385542168675,0.2289156626506024,0.13253012048192772,0.27710843373493976,0.21686746987951808,0.26506024096385544,0.1566265060240964,0.5301204819277109,0.012048192771084338
6,18,0.2,0.25217391304347825,0.0782608695652174,0.2608695652173913,0.26956521739130435,0.25217391304347825,0.11304347826086956,0.4956521739130435,0.11304347826086956
6,19,0.19696969696969696,0.22727272727272727,0.15151515151515152,0.18181818181818182,0.2878787878787879,0.13636363636363635,0.16666666666666666,0.5606060606060606,0.19696969696969696
6,20,0.07692307692307693,0.15384615384615385,0.0,0.46153846153846156,0.15384615384615385,0.15384615384615385,0.15384615384615385,0.7692307692307693,0.23076923076923078
6,21,0.20689655172413793,0.2413793103448276,0.13793103448275862,0.2413793103448276,0.26436781609195403,0.22988505747126436,0.13793103448275862,0.4942528735632184,0.13793103448275862
6,22,0.20512820512820512,0.2564102564102564,0.11538461538461539,0.3076923076923077,0.2564102564102564,0.1794871794871795,0.14102564102564102,0.5,0.20512820512820512
6,23,0.14545454545454545,0.34545454545454546,0.10909090909090909,0.24545454545454545,0.35454545454545455,0.2,0.16363636363636364,0.5272727272727272,0.2727272727272727
6,24,0.08,0.2,0.04,0.16,0.24,0.24,0.08,0.68,0.28
6,25,0.2571428571428571,0.22857142857142856,0.05714285714285714,0.3142857142857143,0.2857142857142857,0.34285714285714286,0.14285714285714285,0.45714285714285713,0.11428571428571428
6,26,0.19607843137254902,0.19607843137254902,0.0784313725490196,0.23529411764705882,0.2549019607843137,0.17647058823529413,0.058823529411764705,0.6078431372549019,0.2549019607843137
6,27,0.23129251700680273,0.2585034013605442,0.1292517006802721,0.272108843537415,0.23809523809523808,0.19727891156462585,0.16326530612244897,0.46258503401360546,0.06802721088435375
6,28,0.21774193548387097,0.23387096774193547,0.0967741935483871,0.3225806451612903,0.25806451612903225,0.27419354838709675,0.12903225806451613,0.4838709677419355,0.016129032258064516
6,29,0.24489795918367346,0.2857142857142857,0.1326530612244898,0.25510204081632654,0.29591836734693877,0.21428571428571427,0.14285714285714285,0.47959183673469385,0.1326530612244898
6,31,0.20987654320987653,0.2839506172839506,0.12962962962962962,0.2716049382716049,0.2777777777777778,0.2345679012345679,0.1728395061728395,0.4691358024691358,0.09876543209876543
6,32,0.1,0.35,0.05,0.15,0.3,0.1,0.15,0.65,0.5
