book_id,chap_num,PC0,PC1,PC2,PC3,PC4,PC5,PC6,PC7,PC8,PC9,title,author,doc
1,1,0.10287150762113817,-0.07858209639327735,-0.026002331538943175,0.09471732312899375,0.003256919819286516,-0.07068038824083846,0.11060760185041757,-0.192809692452259,-0.09686628899925587,-0.079965460738975,The Social Contract,Jean-Jacques Rousseau,The Social Contract by Jean-Jacques Rousseau (CH1)
1,2,0.12177314895417161,-0.08497720836062965,-0.06350409572889927,-0.003221791894171781,0.03883160533873357,-0.05651535239975635,0.1030930601954608,0.03253749492578577,0.056158971102469576,-0.0821723556951679,The Social Contract,Jean-Jacques Rousseau,The Social Contract by Jean-Jacques Rousseau (CH2)
1,3,0.10535891182591613,-0.048064942222794164,-0.027382317027508218,0.05618251056988797,-0.007096702304817769,-0.0644784626390616,0.061242328996855826,-0.06836287027554039,-0.05405385068532537,-0.0007547826674889056,The Social Contract,Jean-Jacques Rousseau,The Social Contract by Jean-Jacques Rousseau (CH3)
1,4,0.18350704899796244,-0.13664139821927088,-0.021194800416315298,-0.0286809009298014,0.04532202173395659,-0.00803195196364924,0.17710322451304253,-0.12052000246209685,0.06208303438254903,-0.15942977280543486,The Social Contract,Jean-Jacques Rousseau,The Social Contract by Jean-Jacques Rousseau (CH4)
1,5,0.15755364117100426,-0.13520540488399968,0.0017488004469611205,0.03983563749770155,0.05149510171240863,-0.031107747884654906,0.06534689641540195,-0.05794307826268419,-0.035130768449679606,-0.02422598266469101,The Social Contract,Jean-Jacques Rousseau,The Social Contract by Jean-Jacques Rousseau (CH5)
1,6,0.12690211059937886,-0.2696640152865433,0.04431833288295733,0.18426630301003577,-0.02575178623441697,0.04779883550147923,0.191484625465154,-0.2668426271365865,-0.1351240714702253,-0.05197273377984,The Social Contract,Jean-Jacques Rousseau,The Social Contract by Jean-Jacques Rousseau (CH6)
1,7,0.17318640279670405,-0.3091111978025148,0.07208731815594735,0.33017234681128754,-0.0735722628661242,-0.017811278155415715,0.09860837611665448,-0.3090036624985473,-0.33032964097358825,0.07222721327958012,The Social Contract,Jean-Jacques Rousseau,The Social Contract by Jean-Jacques Rousseau (CH7)
1,8,0.11374158973250773,-0.14720088524221164,-0.04089139088537702,0.03678309474182624,-0.00044415966371680045,-0.0627289638314094,0.2434859173472364,-0.12703938182594526,0.01772831584391583,-0.133730499372673,The Social Contract,Jean-Jacques Rousseau,The Social Contract by Jean-Jacques Rousseau (CH8)
1,9,0.1702473128004882,-0.2707189048611005,-0.009369606244086823,0.05980627939613201,0.06202902103532094,0.03931954535744069,0.13542604300006245,-0.20325275314932276,-0.02764995490906161,-0.05619800061005934,The Social Contract,Jean-Jacques Rousseau,The Social Contract by Jean-Jacques Rousseau (CH9)
1,10,0.09045531765164848,-0.27110029994398455,-0.04382899384595802,0.24786887139106512,-0.05421693475495516,-0.009203608719451592,0.0748699728877025,-0.27979055925289376,-0.2096393697504362,0.06745364916274148,The Social Contract,Jean-Jacques Rousseau,The Social Contract by Jean-Jacques Rousseau (CH10)
1,11,0.10211178002191575,-0.1629927010679656,0.005518639320395153,0.09023066294292066,-0.010531411245782824,0.0008432224885599562,-0.024618235175187332,-0.11528935172825316,-0.14811556170944146,0.04830666119422853,The Social Contract,Jean-Jacques Rousseau,The Social Contract by Jean-Jacques Rousseau (CH11)
1,12,0.04647669411079294,-0.1817688617042902,-0.04547836325120344,0.1777919335694393,-0.04704166473537387,0.013365771187748622,0.09181073871035503,-0.08372099991847586,0.041137718986850154,-0.018502457298716864,The Social Contract,Jean-Jacques Rousseau,The Social Contract by Jean-Jacques Rousseau (CH12)
1,13,0.15769765846025616,-0.32583576248089624,0.021153214908699654,0.2789766772736941,-0.0652431141704767,0.03489670523990139,0.15459783476155423,-0.3265139293704275,-0.25386786652006726,0.04275875190247739,The Social Contract,Jean-Jacques Rousseau,The Social Contract by Jean-Jacques Rousseau (CH13)
1,14,0.19798938649365555,-0.2078923256265428,0.008090263527044205,0.17691797325884365,-0.02547065111257812,-0.022510107460368533,0.1184858489022424,-0.18242363402743828,-0.14215569989746252,-0.06621135439691217,The Social Contract,Jean-Jacques Rousseau,The Social Contract by Jean-Jacques Rousseau (CH14)
1,15,0.16901270627242915,-0.2869767192245738,0.026877815844128246,0.17547932750962697,-0.04032725776403187,0.06013315026920484,0.05884715980095974,-0.054605548242835596,-0.02199664701676662,-0.013580144757585672,The Social Contract,Jean-Jacques Rousseau,The Social Contract by Jean-Jacques Rousseau (CH15)
1,16,0.11222838087145948,-0.1391430888038714,-0.06771079036181687,0.12133926861338476,0.039259004220505905,-0.02897255730372169,0.15740845084899843,-0.017958161559751,0.0728579504142097,-0.07264585226396868,The Social Contract,Jean-Jacques Rousseau,The Social Contract by Jean-Jacques Rousseau (CH16)
1,17,0.0997205985348454,-0.08494076473371652,-0.02262898223020415,0.09193112755904989,0.019108905338876728,-0.10560063501411178,0.1413095646664832,0.04155032591024813,0.12314120397557833,-0.05324706359282416,The Social Contract,Jean-Jacques Rousseau,The Social Contract by Jean-Jacques Rousseau (CH17)
1,18,0.0997202887595031,-0.195571417159888,0.031040594024342207,0.12905553207478518,-0.01422983501284179,-0.0584272160979519,0.02060894653472294,0.04439333535118818,0.13069760742434275,-0.026451679528916285,The Social Contract,Jean-Jacques Rousseau,The Social Contract by Jean-Jacques Rousseau (CH18)
1,19,0.12275292852685846,-0.1685113377448015,-0.029946510727598012,0.09135385532114683,0.002645387730810837,-0.06874684680714899,0.16757113820462624,-0.036736059693204814,0.17410065610740247,-0.17656512534227572,The Social Contract,Jean-Jacques Rousseau,The Social Contract by Jean-Jacques Rousseau (CH19)
1,20,0.10928029668798014,-0.1615606454938314,-0.04075424493158431,0.10028098092065858,-0.002873488859869588,-0.05513923061686136,0.15275068706474565,-0.008340374654086909,0.1780416203581557,-0.10823214791269596,The Social Contract,Jean-Jacques Rousseau,The Social Contract by Jean-Jacques Rousseau (CH20)
1,21,0.13271108106139948,-0.22082385829367457,0.0391183534677785,0.17672767300449685,-0.008519054435419884,0.0020484411229927534,0.049925314139030126,-0.019258588989276643,0.07568488119562654,-0.09358611289679827,The Social Contract,Jean-Jacques Rousseau,The Social Contract by Jean-Jacques Rousseau (CH21)
1,22,0.2187068450375587,-0.43501224413888423,0.13654741130038017,0.3374487906285438,-0.017297598832832415,0.06061021769860632,-0.13827966877660838,-0.04592321047107702,-0.18302137170279323,0.12542443042239243,The Social Contract,Jean-Jacques Rousseau,The Social Contract by Jean-Jacques Rousseau (CH22)
1,23,0.1729795360327642,-0.36909974974063103,0.10678251422779869,0.29715426129173983,-0.03398731620179019,0.0724579871631077,-0.17472626865734478,0.05925659700942955,0.0038316725124011735,0.07399692191452083,The Social Contract,Jean-Jacques Rousseau,The Social Contract by Jean-Jacques Rousseau (CH23)
1,24,0.14998729103867747,-0.24525957062031137,0.17234934806363192,0.21694585841870587,-0.07998599561360965,0.087934417092104,-0.3564894566485017,0.35001285297583834,0.1524946451969008,0.048956999170452584,The Social Contract,Jean-Jacques Rousseau,The Social Contract by Jean-Jacques Rousseau (CH24)
1,25,0.2097680426495106,-0.33022710591211174,0.07836237021959708,0.2309226551702574,-0.03552876465854624,0.07096518868745404,-0.13628763590945014,0.22818451907075926,0.20402653012051675,0.019217794113998037,The Social Contract,Jean-Jacques Rousseau,The Social Contract by Jean-Jacques Rousseau (CH25)
1,26,0.16681485066395985,-0.27441667823753463,0.10144272316230783,0.26829262753392025,-0.0641574767858038,0.06378242679681861,-0.1727296574334375,0.2506861503005771,0.1589552344677157,0.035841136164304156,The Social Contract,Jean-Jacques Rousseau,The Social Contract by Jean-Jacques Rousseau (CH26)
1,27,0.20767478805488995,-0.2604220566984914,0.03552219044312487,0.19844757708092506,0.007348164341718009,0.05005445614366365,-0.0743103581352878,0.20528071786933147,0.21521150279458318,-0.0422330534546424,The Social Contract,Jean-Jacques Rousseau,The Social Contract by Jean-Jacques Rousseau (CH27)
1,28,0.10021369705474313,-0.27789315194941394,0.2348738782266416,0.1423084817907403,-0.008564645995464215,0.13150206087180352,-0.3014202420843935,0.2904759148776009,-0.07266469642095982,0.0812741462760426,The Social Contract,Jean-Jacques Rousseau,The Social Contract by Jean-Jacques Rousseau (CH28)
1,29,0.11667344493361483,-0.18780126359187727,-0.0025183053476331577,0.14372241415331427,-0.043853826376695194,-0.0405833181308689,-0.032027957200435865,0.20267960029533125,0.2922650819885303,-0.09363797606443412,The Social Contract,Jean-Jacques Rousseau,The Social Contract by Jean-Jacques Rousseau (CH29)
1,30,0.07593584521446352,-0.18748543963373226,-0.044360854156005415,0.08081455255247867,-0.011773390144126374,0.015452283611711437,0.02120405344966142,0.06606275505247723,0.1255247647186595,-0.1080766680454493,The Social Contract,Jean-Jacques Rousseau,The Social Contract by Jean-Jacques Rousseau (CH30)
1,31,0.2038903282360276,-0.290718973051568,0.12267846631629657,0.3031911035827116,-0.05460723618605302,0.09913729863834288,-0.18602725405295878,0.20808272963917446,0.13007272466877676,0.03680680088728057,The Social Contract,Jean-Jacques Rousseau,The Social Contract by Jean-Jacques Rousseau (CH31)
1,32,0.17552389271065663,-0.19877302157213228,0.01771574506110717,0.1324915240194713,0.07069153073680867,-0.06401997421428376,0.009900674550494672,-0.031144736029601414,-0.1374521328106636,0.15295019246847857,The Social Contract,Jean-Jacques Rousseau,The Social Contract by Jean-Jacques Rousseau (CH32)
1,33,0.1506575244611824,-0.2146490013825695,0.06406841695303281,0.2530114291718937,-0.08468162474014278,0.01427011160626917,-0.08712814066481814,-0.039844945182033645,-0.12696539426485648,0.04165758338922261,The Social Contract,Jean-Jacques Rousseau,The Social Contract by Jean-Jacques Rousseau (CH33)
1,34,0.14113395032414067,-0.22633351962435574,0.1316266687350819,0.23328961490318484,-0.031185569601962067,0.031449000101655536,-0.035404626845921425,-0.035698134254833855,-0.09567194606194158,0.013255123918311537,The Social Contract,Jean-Jacques Rousseau,The Social Contract by Jean-Jacques Rousseau (CH34)
1,35,0.18660426767704316,-0.24772374091958538,0.09676591426324266,0.22872903553848525,-0.02380783986685225,-0.005769185016405203,-0.15798742017501402,0.011605895295939127,-0.1701421232964932,0.1568424553993359,The Social Contract,Jean-Jacques Rousseau,The Social Contract by Jean-Jacques Rousseau (CH35)
1,36,0.1656383063947369,-0.24863812611945268,0.007665990310330337,0.1315169905432458,-0.024220144491912888,-0.013046736243666878,0.109750284583229,0.006593758527174068,0.09370957335975474,-0.024397310723317446,The Social Contract,Jean-Jacques Rousseau,The Social Contract by Jean-Jacques Rousseau (CH36)
1,37,0.17826214542643673,-0.2257437663259473,0.059478613568654505,0.1652564720227999,-0.04984668354238706,-0.015224446103194898,0.03994155790539841,-0.2811119162639898,-0.3250787035404866,0.10318063809559465,The Social Contract,Jean-Jacques Rousseau,The Social Contract by Jean-Jacques Rousseau (CH37)
1,38,0.15370822040794577,-0.314231000003995,0.19179797124609735,0.28504297780642696,-0.06187716696973787,0.11092901909775396,-0.21226003249940126,0.044047668322292656,-0.14344172590851512,0.12047748673239024,The Social Contract,Jean-Jacques Rousseau,The Social Contract by Jean-Jacques Rousseau (CH38)
1,39,0.2403950012594219,-0.2922510198882584,0.05720463916685935,0.22268151752394466,-0.05291849533300646,0.03407470027242347,-0.03948682585592257,-0.03675011581947555,-0.02530178133689929,-0.012818170253698767,The Social Contract,Jean-Jacques Rousseau,The Social Contract by Jean-Jacques Rousseau (CH39)
1,40,0.09022786700706861,-0.22046046477039621,-0.010199456434178912,0.14647091811912546,-0.03679845451110933,-0.026246253585919872,0.16141223769767382,-0.09476326949569686,0.012810752400938761,-0.09339887452555994,The Social Contract,Jean-Jacques Rousseau,The Social Contract by Jean-Jacques Rousseau (CH40)
1,41,0.12873716050525025,-0.23214977312151927,-0.02405884481809552,0.19276177634278632,-0.06537248834514753,-0.010367346733369625,0.20088062033474083,-0.2282339858846447,-0.08105009431501495,-0.0520948380194868,The Social Contract,Jean-Jacques Rousseau,The Social Contract by Jean-Jacques Rousseau (CH41)
1,42,0.09727901893025788,-0.21183504789311958,0.14889540840268548,0.18314391453944567,-0.06968282164126197,0.14683830757825322,-0.18953492766921654,0.2826837469366818,0.18153176486063483,0.013869353954775954,The Social Contract,Jean-Jacques Rousseau,The Social Contract by Jean-Jacques Rousseau (CH42)
1,43,0.1264851270320498,-0.15866395683796647,0.03879324938993563,0.21927276865036932,-0.0500204760518322,-0.01478698465256427,0.03684458598364963,0.1252888391670665,0.21478185409933717,-0.10548453953719156,The Social Contract,Jean-Jacques Rousseau,The Social Contract by Jean-Jacques Rousseau (CH43)
1,44,0.18526013455305768,-0.2635878528893724,0.08140614240204543,0.1806222369706878,-0.01541377069475024,-0.0029513776085948436,-0.10203715774199522,0.07691393245154975,-0.0035524877495173176,0.13113206490108667,The Social Contract,Jean-Jacques Rousseau,The Social Contract by Jean-Jacques Rousseau (CH44)
1,45,0.14455674716959366,-0.18287399311235347,0.016981499636443156,0.1528890510824197,-0.008160302424587464,-0.0828368122818235,0.0611020051833057,-0.0023799804767425394,0.1714048053958262,0.01688365610383309,The Social Contract,Jean-Jacques Rousseau,The Social Contract by Jean-Jacques Rousseau (CH45)
1,46,0.08205800737117667,-0.08129824736342259,-0.05007726827880766,0.0664806689513939,-0.027738196415157523,-0.05422080973493671,0.09573153706964624,0.07712792425300932,0.08969314080970503,-0.02662972399278802,The Social Contract,Jean-Jacques Rousseau,The Social Contract by Jean-Jacques Rousseau (CH46)
1,47,0.23186038727225136,-0.12301040569966115,-0.026441200241038024,0.17760542966570173,0.20381134019900535,0.0304312597117111,0.1608509025072794,-0.06298189852974541,0.02976608721225456,-0.09454497588521975,The Social Contract,Jean-Jacques Rousseau,The Social Contract by Jean-Jacques Rousseau (CH47)
1,48,0.13366605229159115,-0.27424896936887133,-0.14661002570016268,0.051901201366053654,0.057157672548383394,-0.0024358440428981524,0.361688442393602,0.10834747815304219,0.31232619408175916,-0.17906148056922597,The Social Contract,Jean-Jacques Rousseau,The Social Contract by Jean-Jacques Rousseau (CH48)
2,1,-0.023449584129118493,0.1338685275396102,0.02008770485363449,0.03237282572748207,0.02689463311509306,-0.22750331770758292,0.04618961450722513,0.14795207455758047,-0.11641268955109994,0.19551873326293595,Leviathan,Thomas Hobbes,Leviathan by Thomas Hobbes (CH1)
2,2,-0.028430541498133444,0.1905162174875347,-0.03847385563085492,0.06110452255518725,0.049109323436060504,-0.2893835298677928,0.12118266870353227,0.1978679815339671,-0.11490855982459977,0.2738025096289772,Leviathan,Thomas Hobbes,Leviathan by Thomas Hobbes (CH2)
2,3,-0.005359884879308805,0.17052627743543752,-0.06019887966617903,0.016012497213058016,-0.021001305284213664,-0.18920360770311395,0.16525341480102335,0.17268298168853438,-0.019129794716489377,0.26606021253360174,Leviathan,Thomas Hobbes,Leviathan by Thomas Hobbes (CH3)
2,4,-0.033784191512298084,0.18545265431591326,-0.04216678498612664,0.014569400188048013,-0.011633634127952007,-0.06318588939300708,0.22391227398387845,0.14919234786944302,0.01626755395266999,0.33064462042877274,Leviathan,Thomas Hobbes,Leviathan by Thomas Hobbes (CH4)
2,5,0.0022626929085892747,0.14241507458405356,-0.1302372125692035,0.017533603514799247,-0.07785799711062827,-0.0790889027105659,0.14027797956569493,0.09864865335525004,0.04152589991742276,0.3167814638936609,Leviathan,Thomas Hobbes,Leviathan by Thomas Hobbes (CH5)
2,6,0.030280205455772185,0.13763124522642206,-0.01022166794898177,-0.006457711122554422,-0.08056807045350088,-0.26142911666339885,0.22364379983223284,0.18251373159700657,-0.06889099905616923,0.24496537911528793,Leviathan,Thomas Hobbes,Leviathan by Thomas Hobbes (CH6)
2,7,0.014215062873982987,0.18478859555818924,-0.17227243337608486,0.06814473623434435,-0.003123330431352697,-0.043290373900662454,0.07217905561127665,0.09434709732180538,-0.04488651687511814,0.27755948849193,Leviathan,Thomas Hobbes,Leviathan by Thomas Hobbes (CH7)
2,8,0.0661913054969203,0.28199866674910073,-0.060179006551171144,0.07045200290083357,0.08297221835691766,-0.1366322106496561,0.15800856887713766,0.18993511542372424,-0.014423025557747667,0.25244623575002306,Leviathan,Thomas Hobbes,Leviathan by Thomas Hobbes (CH8)
2,9,-0.03754644153624711,0.14361237124411871,-0.03677794417250833,0.018611928774525638,-0.0755938938408392,-0.18780051916280333,-0.026037176792480153,0.001647683180264578,0.0571397254203482,0.24311993438379523,Leviathan,Thomas Hobbes,Leviathan by Thomas Hobbes (CH9)
2,10,0.14344092556308377,0.1401464601837564,-0.01852266379548423,-0.05979738550688297,-0.12957185204793364,-0.09292410750559894,0.1591122822073041,0.1365398140325522,0.08684483785915095,0.135238858456956,Leviathan,Thomas Hobbes,Leviathan by Thomas Hobbes (CH10)
2,11,0.0915564186258499,0.1934780200082781,-0.08306916658061234,-0.04598587654489493,-0.1277233608508689,-0.15036890551093585,0.26739328214897645,0.2256808811282655,0.002383841277955991,0.2021490484958046,Leviathan,Thomas Hobbes,Leviathan by Thomas Hobbes (CH11)
2,12,0.18600211156713542,0.36222434719288543,-0.02986969729373569,0.08113745841905534,0.06375306307177542,-0.02687710019443814,0.12887084739851204,0.10455334002395375,0.022245373998462832,0.13124689178269566,Leviathan,Thomas Hobbes,Leviathan by Thomas Hobbes (CH12)
2,13,0.17016245833712956,0.14620066867352735,-0.02080797840727922,-0.09156002025229364,-0.18270250887988834,-0.08635755827609383,0.20727976151030056,0.07960907991332877,0.01871486619420793,0.14481069251301168,Leviathan,Thomas Hobbes,Leviathan by Thomas Hobbes (CH13)
2,14,0.19120673287233034,0.18244788631819225,0.0006640166396408579,-0.033810387855960716,-0.1506420105117103,-0.06542584057621614,0.2184403636639118,-0.08043515785098597,-0.1596872070032998,0.13371069923522466,Leviathan,Thomas Hobbes,Leviathan by Thomas Hobbes (CH14)
2,15,0.23142589245858008,0.2141563816762002,-0.0015474483492165948,-0.16398392364672984,-0.24842778678330132,-0.031286712783904186,0.24140718504676634,-0.030276436787409506,-0.07794121434665566,0.14266341260179896,Leviathan,Thomas Hobbes,Leviathan by Thomas Hobbes (CH15)
2,16,0.17971830535440758,0.16867263033857358,0.07387234978392998,-0.005721363426338576,-0.12783211356348362,0.004582417148085647,0.006849210174553302,-0.020005505101150234,-0.09457241535271557,0.04671110082535052,Leviathan,Thomas Hobbes,Leviathan by Thomas Hobbes (CH16)
2,17,0.23678419955081914,0.21887849181464125,0.044878744977008,-0.15461165162898374,-0.3547266337988619,-0.005948200203012287,0.10993913812689725,0.04042092541064452,0.0018881231612114706,0.14355788383892568,Leviathan,Thomas Hobbes,Leviathan by Thomas Hobbes (CH17)
2,18,0.2915104612379952,0.31228494144051633,0.13850171866150307,-0.15176444345448445,-0.4775885344335064,0.06747840081166658,-0.010776470021022744,-0.06291178860331036,-0.011696614391297051,-0.05387125284444194,Leviathan,Thomas Hobbes,Leviathan by Thomas Hobbes (CH18)
2,19,0.2867574537460706,0.1529424006647465,0.15894434776841668,-0.06708096942688951,-0.41523908318257946,0.09787376829446481,-0.2060644836255177,0.08858492039618326,0.12237778356957901,-0.10816854172135339,Leviathan,Thomas Hobbes,Leviathan by Thomas Hobbes (CH19)
2,20,0.27984977090902974,0.26784632575125483,0.06609874211600195,-0.1403836924593877,-0.17447126361954324,0.053595598507685575,0.04030268740944577,-0.1205559374033088,-0.02727924666095965,-0.16439899076453118,Leviathan,Thomas Hobbes,Leviathan by Thomas Hobbes (CH20)
2,21,0.2970575877210371,0.26211818997169456,0.11816490097082367,-0.1337817233217952,-0.37254099009125397,0.030876778771914113,0.04132894263513185,-0.128244849218025,0.01239521288029817,-0.14172794443738937,Leviathan,Thomas Hobbes,Leviathan by Thomas Hobbes (CH21)
2,22,0.2680907214028915,0.17151918561589322,0.16269809028980278,-0.09355848723992241,-0.4306823419928292,0.08360576210938647,-0.15998258422837403,-0.0663338658656318,-0.010626911822751136,-0.12320233201180422,Leviathan,Thomas Hobbes,Leviathan by Thomas Hobbes (CH22)
2,23,0.25220637803956003,0.2679026307863653,0.14699670208358603,-0.08704736871991245,-0.4001678000658312,0.09000559248757753,-0.16214383808240304,-0.0516409398921063,0.044135429726077174,-0.15256307245380527,Leviathan,Thomas Hobbes,Leviathan by Thomas Hobbes (CH23)
2,24,0.2766336851178921,0.2800033985383757,0.13666815401839852,-0.22436245994446752,-0.40310012670261,0.08301002628389359,-0.07844366375630739,-0.07877840615993752,0.07397809764537133,-0.13371236662769456,Leviathan,Thomas Hobbes,Leviathan by Thomas Hobbes (CH24)
2,25,0.1155783138860464,0.15357998764792877,0.027512271717914125,-0.035477869842334676,-0.1725022715463029,-0.031928033638044626,-0.006079293089455716,0.03210854469772889,-0.039166368493591085,0.048037393133373206,Leviathan,Thomas Hobbes,Leviathan by Thomas Hobbes (CH25)
2,26,0.2919186242370616,0.29749992452630036,0.09052721757810755,-0.1553193949435045,-0.40352465452929265,0.07087189938857737,0.005219160349439096,-0.08268166572944671,-0.03512197578185251,-0.04376810222385804,Leviathan,Thomas Hobbes,Leviathan by Thomas Hobbes (CH26)
2,27,0.2100407243017535,0.19149660453535103,0.05567463916099586,-0.09940659278430701,-0.2980771235982977,0.00751824384350345,0.05681905017303658,-0.04435613788385309,-0.059734047541648704,-0.01697873624182645,Leviathan,Thomas Hobbes,Leviathan by Thomas Hobbes (CH27)
2,28,0.22719322603735162,0.19846799000931822,0.08263758356543391,-0.1383950175521933,-0.2811074384502751,0.008182648689470677,0.0036205153499181564,-0.06605755118801249,-0.09429051512792985,-0.015419136928219106,Leviathan,Thomas Hobbes,Leviathan by Thomas Hobbes (CH28)
2,29,0.3248553024687523,0.35458905469970514,0.14033566826647126,-0.17372263504106336,-0.42272126349095057,0.09604289787791255,-0.11519091595845277,0.013644482899754241,0.03162044653737452,-0.04130892349144292,Leviathan,Thomas Hobbes,Leviathan by Thomas Hobbes (CH29)
2,30,0.3277358827188853,0.35793755714530373,0.11775082281737198,-0.1680930907453842,-0.48462683986615746,0.10551135251650591,-0.01933129055132863,-0.030447719339319054,0.08425895744654724,-0.1309517211879726,Leviathan,Thomas Hobbes,Leviathan by Thomas Hobbes (CH30)
2,31,0.22990045409073426,0.4261473407036362,0.03265615371336948,-0.058507169826907096,-0.17515838645393472,0.008832288433685205,0.07369419902922725,0.019612465998068696,0.03132150533586738,0.07107873444250103,Leviathan,Thomas Hobbes,Leviathan by Thomas Hobbes (CH31)
2,32,0.16249911619984514,0.4549303992612129,-0.06716840440432857,0.14047845587501387,0.2960341895627442,0.07638435518488076,-0.012650749301464707,0.01642814068786946,-0.005124204803696467,0.053120643999502164,Leviathan,Thomas Hobbes,Leviathan by Thomas Hobbes (CH32)
2,33,0.2549015893473207,0.43356660070637626,0.027488749217260543,0.1566225107361364,0.2889324124925375,0.10526014079363588,-0.10133178177915143,-0.04915794676336813,0.0199855983030998,-0.09485356613991415,Leviathan,Thomas Hobbes,Leviathan by Thomas Hobbes (CH33)
2,34,0.09375030292918458,0.35502503421573134,0.028585350106656797,0.15659562388116766,0.3413272443659533,-0.048408660453632596,0.024845424827822784,0.046367024944561214,-0.03735706312902597,0.10752485113776324,Leviathan,Thomas Hobbes,Leviathan by Thomas Hobbes (CH34)
2,35,0.21534184759123487,0.39884598654845377,0.07358754866597766,0.11368412758932489,0.24519186490106185,0.08070843516582507,-0.09745072618581818,-0.09254381729509593,-0.048600300779096335,-0.11870933932099888,Leviathan,Thomas Hobbes,Leviathan by Thomas Hobbes (CH35)
2,36,0.1901243854242323,0.5031065932641775,0.031627152840646364,0.19470374139035812,0.3996946071585979,0.07119738838743304,-0.0472294220966883,6.588023444043661e-05,-0.026097482047179925,0.018473606395189603,Leviathan,Thomas Hobbes,Leviathan by Thomas Hobbes (CH36)
2,37,0.13889420601193594,0.4058066723078659,-0.029037532166251538,0.1182607895943492,0.18758753216453902,-0.008284844727869198,0.04415347129890711,0.05241902572490309,0.0333662374496998,0.13283866002301645,Leviathan,Thomas Hobbes,Leviathan by Thomas Hobbes (CH37)
2,38,0.2090408707179012,0.42100787738919404,0.010172313210783848,0.14237908310718625,0.40342511151402555,0.055123737790980266,-0.040278001801157606,-0.061324854542753694,-0.010470020468952488,-0.09442675308235145,Leviathan,Thomas Hobbes,Leviathan by Thomas Hobbes (CH38)
2,39,0.30582927083345723,0.47106340687499665,0.08101532401161585,0.11117279416355769,0.19416944313247944,0.12882839782843478,-0.1157628668366382,-0.0778298634328994,-0.013733938751423171,-0.1330999201045576,Leviathan,Thomas Hobbes,Leviathan by Thomas Hobbes (CH39)
2,40,0.2118964595990612,0.41553925097026295,0.04716131723489561,0.15997566235829208,0.385732278227609,0.08183786047183526,-0.11468348530947049,-0.07003642044771756,-0.024909770664288906,-0.1314593278679448,Leviathan,Thomas Hobbes,Leviathan by Thomas Hobbes (CH40)
2,41,0.3237295711644411,0.556534166901574,0.070891590881471,0.15611737731960215,0.2760616885663429,0.1703182454332388,-0.14092013745091914,-0.0846060727053865,0.004025415278887671,-0.15139669964277008,Leviathan,Thomas Hobbes,Leviathan by Thomas Hobbes (CH41)
2,42,0.2284392779759893,0.5203268556771102,0.016565097972272985,0.19001171206166614,0.37126344223918223,0.12346507743446053,-0.10365600565230672,-0.08320529915422831,-0.029489569372827946,-0.09782852346262799,Leviathan,Thomas Hobbes,Leviathan by Thomas Hobbes (CH42)
2,43,0.22124190838053417,0.511471326566485,0.024409909227514428,0.2078194573521692,0.46986027651133244,0.09216925237632165,-0.05466313223774191,-0.052790863559896116,0.002713041635346373,-0.08841165233512525,Leviathan,Thomas Hobbes,Leviathan by Thomas Hobbes (CH43)
2,44,0.22541319726236428,0.5424771648764629,0.02607644718953401,0.2041346722660569,0.3419153688266197,0.035741741685330584,-0.00023947923526122577,0.022917643925996965,0.00014769939470074436,0.04066502258143016,Leviathan,Thomas Hobbes,Leviathan by Thomas Hobbes (CH44)
2,45,0.1681053441343953,0.35935476994228294,6.292605658465367e-05,0.06587880683081121,0.0280668336337308,0.015691615651045928,0.06534971682543504,0.08888217968309878,0.0943822361820704,0.201562444873592,Leviathan,Thomas Hobbes,Leviathan by Thomas Hobbes (CH45)
2,46,0.3159513142388249,0.45518661822933515,0.0494946539816931,0.04577463130538753,0.06346506818953192,0.11820333937045648,-0.022105972222556083,-0.03257936675493099,0.061842574981111426,-0.11536059292977802,Leviathan,Thomas Hobbes,Leviathan by Thomas Hobbes (CH46)
3,1,0.19539522426355832,-0.12173824913678734,-0.052162480105982054,-0.27001063602215464,0.1517289073349956,0.02532857920834712,-0.10335974203117893,-0.00013779331025897106,0.024784222230827768,-0.03313226598514995,The Second Treatise of Government,John Locke,The Second Treatise of Government by John Locke (CH1)
3,2,0.27299067225085405,-0.2128147105726655,-0.11683402419532968,-0.3387485919188927,0.1181681125180962,0.016705111632614303,0.07073887395521865,-0.041497457220717696,-0.04732486161697977,-0.0066735785801276225,The Second Treatise of Government,John Locke,The Second Treatise of Government by John Locke (CH2)
3,3,0.20254209322953423,-0.12883894122187972,-0.07843574049574593,-0.2719557349911903,0.13001401916830568,-0.04797500088146839,0.082668349405957,-0.0800565807693086,-0.01867796344668883,-0.09103666813702209,The Second Treatise of Government,John Locke,The Second Treatise of Government by John Locke (CH3)
3,4,0.22731073398067275,-0.17796070160724548,-0.09785610407598605,-0.36734332961479815,0.14834460516526668,0.004960248232361536,0.010303926875651275,-0.11746830306500797,-0.1098367034519039,0.006376794255035784,The Second Treatise of Government,John Locke,The Second Treatise of Government by John Locke (CH4)
3,5,0.1344594697288647,-0.0901993305690819,-0.10269038318062858,-0.31093692907110987,0.15467321437046586,-0.004607365947004968,0.09113024037625837,-0.023829195999084982,0.1518237967173571,-0.07880927695961375,The Second Treatise of Government,John Locke,The Second Treatise of Government by John Locke (CH5)
3,6,0.22848461427628236,-0.14109194575172232,-0.09694385219168271,-0.2797130338540297,0.14960642474772198,0.039698209015168684,0.034770588211599514,0.03219102097040579,0.0874223878084916,-0.1250904168441068,The Second Treatise of Government,John Locke,The Second Treatise of Government by John Locke (CH6)
3,7,0.28040661981842996,-0.2609787153439377,-0.11236131477688141,-0.45791031934392057,0.20863211616879054,0.02635638433258036,0.041693808478152634,-0.05773486726788003,-0.02218401497145816,-0.01939625061276845,The Second Treatise of Government,John Locke,The Second Treatise of Government by John Locke (CH7)
3,8,0.3086276142643157,-0.25292185434662057,-0.052102355497609866,-0.3436072050511591,0.188436502403858,0.08700932548664209,-0.10809893634136292,0.0702277937275999,0.08253375826783507,-0.051263908675743236,The Second Treatise of Government,John Locke,The Second Treatise of Government by John Locke (CH8)
3,9,0.28516692294941376,-0.28607511837911836,-0.10679500805498046,-0.5214692043078417,0.21892298554913825,0.031290450714123924,-0.0249317584086089,-0.034204809115670615,-0.0672666296386939,0.06685392720707405,The Second Treatise of Government,John Locke,The Second Treatise of Government by John Locke (CH9)
3,10,0.22620488642136355,-0.15891954846133213,0.08267044422709452,-0.2675027996559396,0.04607130387321812,0.12227050042022848,-0.3262995141339018,0.14197614265480468,-0.0502156530189283,0.15837366568366967,The Second Treatise of Government,John Locke,The Second Treatise of Government by John Locke (CH10)
3,11,0.3056237702983223,-0.25963575553918294,-0.0832793887257146,-0.4863354881281341,0.1999170545455543,0.055709888363105635,-0.05956974143882093,-0.05572004685685914,-0.07420717895303884,0.08905317604097562,The Second Treatise of Government,John Locke,The Second Treatise of Government by John Locke (CH11)
3,12,0.24348782217696174,-0.22477181885928213,-0.016711236822891676,-0.45029373214158724,0.1433926121729535,0.03363776526264561,-0.18906345112187523,0.004720649896034388,-0.14104626566849468,0.20093151777087553,The Second Treatise of Government,John Locke,The Second Treatise of Government by John Locke (CH12)
3,13,0.24645000513655646,-0.24757961697389216,-0.018988746338222992,-0.3396485663158144,0.15880510984817398,0.02106192268076106,-0.2237800095354565,0.0355874893780144,-0.1529486903967348,0.2422125448959897,The Second Treatise of Government,John Locke,The Second Treatise of Government by John Locke (CH13)
3,14,0.24148179107631626,-0.26744099669689786,-0.05553315427004269,-0.3410874502942335,0.19566306684139867,0.010731622853267892,-0.12984650031494877,0.06976954866485356,-0.03677285087518343,0.11329367997078522,The Second Treatise of Government,John Locke,The Second Treatise of Government by John Locke (CH14)
3,15,0.2203427938269655,-0.22724757495997414,-0.13596187443108737,-0.42706349960785756,0.21365064975239195,0.022692544718989502,0.08696915080237613,-0.07755041221784882,0.02093108580160118,-0.06427003574822081,The Second Treatise of Government,John Locke,The Second Treatise of Government by John Locke (CH15)
3,16,0.2559702837548172,-0.1591321518432608,-0.08796380642045297,-0.35480700222038963,0.1620747833771813,0.016507839686690465,0.031480532117061144,-0.04487737027629122,0.05416955148240545,-0.10241345146141474,The Second Treatise of Government,John Locke,The Second Treatise of Government by John Locke (CH16)
3,17,0.2167901713461359,-0.169759249304511,0.026942237488040196,-0.18549918098112084,0.03015010929478088,0.07660953859300722,-0.2659547925974833,0.14193199647933458,0.047535327983585236,0.04640979310443386,The Second Treatise of Government,John Locke,The Second Treatise of Government by John Locke (CH17)
3,18,0.2850417796649581,-0.15493151422128995,-0.04223551555134958,-0.25140882372763257,0.13023356460270918,0.05794220055498521,-0.09220276020086075,0.07714031223851217,0.04726018160745332,-0.0027643286750866124,The Second Treatise of Government,John Locke,The Second Treatise of Government by John Locke (CH18)
3,19,0.3239713753185541,-0.2674976297037288,-0.07470519527529747,-0.4434682654330607,0.22642840480003776,0.06586828421981711,-0.1526722747354365,0.04266423865404481,-0.05514983580562592,0.13383419987289252,The Second Treatise of Government,John Locke,The Second Treatise of Government by John Locke (CH19)
4,1,-0.0537457233686776,-0.12718314470207004,-0.14600687621623293,0.002177728194819604,0.05371065096283309,-0.0842023257187963,0.33330203926418633,0.11677667834370174,0.20585066482804767,-0.13127719105736615,A Discourse Upon The Origin And The Foundation Of The Inequality Among Mankind,Jean-Jacques Rousseau,A Discourse Upon The Origin And The Foundation Of The Inequality Among Mankind by Jean-Jacques Rousseau (CH1)
4,2,0.1281157369405237,-0.2324845910644654,-0.1128081857948843,-0.031798144827099944,0.06080583728701335,-0.03415529969967807,0.3174644990890819,0.07513864408968464,0.276808847809702,-0.16698480578019867,A Discourse Upon The Origin And The Foundation Of The Inequality Among Mankind,Jean-Jacques Rousseau,A Discourse Upon The Origin And The Foundation Of The Inequality Among Mankind by Jean-Jacques Rousseau (CH2)
5,1,-0.20055827876794532,0.012693633567164294,-0.33798845385567505,0.02042926711197445,-0.05412944080561265,0.00761388971766947,-0.02698492913809947,0.05928063820914902,0.04582503770122953,-0.06295745664082002,An Essay Concerning Humane Understanding,John Locke,An Essay Concerning Humane Understanding by John Locke (CH1)
5,2,-0.2233967235910917,0.034446591411721045,-0.42633681325070577,0.04263329386011268,-0.08023314360938436,0.08678328722433641,-0.11163246188120715,0.0015642301673869266,0.01938182034771791,-0.03407567946238077,An Essay Concerning Humane Understanding,John Locke,An Essay Concerning Humane Understanding by John Locke (CH2)
5,3,-0.08989820376641304,-0.0028488906787769025,-0.3463394566432402,0.0324939096179622,-0.023203103885939314,0.09428366359527589,0.085109977951492,0.01975829906055414,0.10663032796227621,-0.08820207244650535,An Essay Concerning Humane Understanding,John Locke,An Essay Concerning Humane Understanding by John Locke (CH3)
5,4,-0.30750230409749496,0.10218482336630247,-0.23181361485051952,0.002677438376374945,0.06531368327017131,-0.000477745653540654,-0.06140512429619271,-0.004281189061597912,0.06592564146626924,-0.10019876811523838,An Essay Concerning Humane Understanding,John Locke,An Essay Concerning Humane Understanding by John Locke (CH4)
5,5,-0.18725968110024274,0.015357541225449666,-0.09628590993180279,-0.011341931715441083,0.01914342454413741,-0.19224059706822005,0.026818787053347982,0.13478664334830784,-0.1283342362408495,-0.1538937968936073,An Essay Concerning Humane Understanding,John Locke,An Essay Concerning Humane Understanding by John Locke (CH5)
5,6,-0.30767062031679626,0.029881913880809366,0.11879718946987658,-0.06910989534473505,0.03316316607073314,-0.13833666465225883,-0.013663507176990542,0.1887607367983008,-0.17676133181293752,-0.15743889977452943,An Essay Concerning Humane Understanding,John Locke,An Essay Concerning Humane Understanding by John Locke (CH6)
5,7,-0.22361791696321603,0.005433151847727244,0.14002695956678168,-0.040676156856408095,0.017888543883746326,-0.13991567829394586,-0.027379938876689016,0.19838209915276145,-0.21036411290840065,-0.17842375293040655,An Essay Concerning Humane Understanding,John Locke,An Essay Concerning Humane Understanding by John Locke (CH7)
5,8,-0.2790043564104765,0.018276226135274663,0.2288504588854496,-0.06439354885820961,0.034659336248248844,-0.3957930716970449,-0.16428526747345468,-0.27962621436535423,0.213986456092904,0.10639795087195425,An Essay Concerning Humane Understanding,John Locke,An Essay Concerning Humane Understanding by John Locke (CH8)
5,9,-0.14220966043316585,0.022874273207692763,0.16729351309056142,-0.030978845336026323,0.009162591916064054,-0.3970434029490076,-0.15600883545928051,-0.11573135806476974,0.06753325813514861,0.0660325295257183,An Essay Concerning Humane Understanding,John Locke,An Essay Concerning Humane Understanding by John Locke (CH9)
5,10,-0.2211980183184487,0.023807715100948208,0.054892692846106754,-0.03767566042629746,0.005557935572395436,-0.15605064138178476,-0.10545783075266671,0.1328337673219746,-0.27586897643856084,-0.21194560918588864,An Essay Concerning Humane Understanding,John Locke,An Essay Concerning Humane Understanding by John Locke (CH10)
5,11,-0.23890758440740856,-0.0086689637690032,0.05712131982910129,-0.05345983531596714,0.0013459789508674922,-0.29660724257522747,0.020424435028308464,0.21499713493750405,-0.2803663256577983,-0.276256583180329,An Essay Concerning Humane Understanding,John Locke,An Essay Concerning Humane Understanding by John Locke (CH11)
5,12,-0.30932366905268216,0.03702616541064916,0.11935108128063031,-0.04602529556489133,0.02076725996842489,-0.290385331013456,-0.06246607770020642,-0.008659039765115732,-0.03517258564931913,-0.02043371463552312,An Essay Concerning Humane Understanding,John Locke,An Essay Concerning Humane Understanding by John Locke (CH12)
5,13,-0.3098917562392014,0.03479168629408813,-0.0344748835382311,-0.03513656612674246,-0.004306640738693185,-0.24141015366862958,-0.07927456720112683,0.11680550245109547,-0.17539153728077916,-0.1982115833160396,An Essay Concerning Humane Understanding,John Locke,An Essay Concerning Humane Understanding by John Locke (CH13)
5,14,-0.22555083845562277,0.029390002325127448,-0.0986882568662349,-0.014987095162383782,-0.0010398283575386623,-0.2646020047747673,-0.007165965985225694,0.1580970323802929,-0.14253542569251457,-0.10454484923388808,An Essay Concerning Humane Understanding,John Locke,An Essay Concerning Humane Understanding by John Locke (CH14)
5,15,-0.3983487410834702,0.008148262259033647,-0.039606158210567954,-0.04620617416431618,-0.0037125806029342256,0.046322022879591716,0.05960104041801771,0.14457130433187385,-0.06329340394035908,-0.11494347207138465,An Essay Concerning Humane Understanding,John Locke,An Essay Concerning Humane Understanding by John Locke (CH15)
5,16,-0.4700681922252318,-0.011382971286590216,0.38506897509991894,-0.09423333165420476,0.05086661245003823,0.02849972379456669,-0.014554052617294025,0.12627594063412317,-0.1685228992413222,-0.17488301732294015,An Essay Concerning Humane Understanding,John Locke,An Essay Concerning Humane Understanding by John Locke (CH16)
5,17,-0.24927860717509076,0.019510898957126942,0.2206351733703682,-0.052248059099889624,0.05096308233748987,-0.4086093716199181,-0.18746944519728995,-0.29521377765398316,0.2668278636957224,0.10424147224399354,An Essay Concerning Humane Understanding,John Locke,An Essay Concerning Humane Understanding by John Locke (CH17)
5,18,-0.18934194361852874,0.022246792733152363,0.13026449450706043,-0.043214582692196926,0.016193087466116737,-0.4428848755153416,-0.18963470326162915,-0.192815375032089,0.2252971052264169,0.0561725542291006,An Essay Concerning Humane Understanding,John Locke,An Essay Concerning Humane Understanding by John Locke (CH18)
5,19,-0.21538219236737485,0.009812319319971216,0.19175606764344794,-0.03834656093968544,0.034558385749544375,-0.480446852574576,-0.23553478024299224,-0.3331508209480241,0.33692563827831573,0.10065144306697947,An Essay Concerning Humane Understanding,John Locke,An Essay Concerning Humane Understanding by John Locke (CH19)
5,20,-0.3493523791998473,-0.022424825946524406,0.22768276586051217,-0.06024764126872065,0.02109475999374685,-0.04913707518349994,-0.08368512494466836,-0.08182341309042822,0.1098370364214798,-0.021107601967195192,An Essay Concerning Humane Understanding,John Locke,An Essay Concerning Humane Understanding by John Locke (CH20)
5,21,-0.28458374319500024,0.01119456010256499,0.23428808517662303,-0.07457255764085331,0.03432201961392017,-0.4157920104174561,-0.23494500124710066,-0.3418752005655119,0.29729589075356744,0.09280288740947688,An Essay Concerning Humane Understanding,John Locke,An Essay Concerning Humane Understanding by John Locke (CH21)
5,22,-0.4370463986804151,0.00791971807829581,0.33924821280794226,-0.09238605664522878,0.0398400464911893,-0.05801363448871748,-0.036754669128933,0.12533007524247894,-0.15669237830030106,-0.11314488992056843,An Essay Concerning Humane Understanding,John Locke,An Essay Concerning Humane Understanding by John Locke (CH22)
5,23,-0.24162290745761153,0.02023685964502722,-0.022311092166311504,-0.02013117090734256,-0.01016967965979923,-0.16571868963787673,-0.00239511110451445,0.18645450610043526,-0.16856293181365092,-0.14559404515722754,An Essay Concerning Humane Understanding,John Locke,An Essay Concerning Humane Understanding by John Locke (CH23)
5,24,-0.09253377340959955,0.00890201086154952,-0.007549701133940276,-0.03365206312554464,-0.029036644420884553,-0.2657517470240161,0.09017623214112344,0.26246518370844335,-0.2635219855706517,-0.20495515287590324,An Essay Concerning Humane Understanding,John Locke,An Essay Concerning Humane Understanding by John Locke (CH24)
5,25,-0.12417854847918697,-0.026036156372961132,-0.09639704074149674,-0.028958477595057253,-0.01328222036495922,-0.24254497135568964,0.19346158629007046,0.19636535531119428,-0.07018990123255706,-0.19236651647739986,An Essay Concerning Humane Understanding,John Locke,An Essay Concerning Humane Understanding by John Locke (CH25)
5,26,-0.4307631035927064,-0.021433391202102577,0.3639926489163105,-0.08266863814862724,0.04135998439439183,0.15419355846615307,0.0019228295938201545,0.19900616388224723,-0.15991609600500006,-0.13111727895013933,An Essay Concerning Humane Understanding,John Locke,An Essay Concerning Humane Understanding by John Locke (CH26)
5,27,-0.47208546059110956,0.04321191107561986,0.25916112465640584,-0.05279517716117484,0.1103408628263424,-0.12855412122154264,-0.01272216663190183,-0.04089131100470318,0.03521582015632633,-0.03038984489024936,An Essay Concerning Humane Understanding,John Locke,An Essay Concerning Humane Understanding by John Locke (CH27)
5,28,-0.3902075103128235,-0.004383906751095683,0.2979253228428521,-0.08556059303345713,0.037407727192097305,0.052329246884903154,-0.034152300503257495,-0.04878886603579545,-0.03356218551693525,-0.054798121716255865,An Essay Concerning Humane Understanding,John Locke,An Essay Concerning Humane Understanding by John Locke (CH28)
5,29,-0.27891899428673095,-0.04499938391520962,0.18026204582621383,-0.010404087011509211,0.043347741569695376,-0.011350780467579296,-0.053692431426050555,-0.06392928172591279,-0.03356002241729098,-0.13298131494506693,An Essay Concerning Humane Understanding,John Locke,An Essay Concerning Humane Understanding by John Locke (CH29)
5,30,-0.2761034599261258,-0.008939540572500897,0.24612602617322063,-0.019411478851944445,0.058665844398917096,-0.23537453150946658,-0.09866161457520715,-0.10816476007179808,0.16075911011329075,-0.05502373269251421,An Essay Concerning Humane Understanding,John Locke,An Essay Concerning Humane Understanding by John Locke (CH30)
5,31,-0.1381399180444007,0.03044865612896304,0.0478701440547112,0.009592822341200487,0.06318096587794865,-0.1376249085632894,0.07753785283951044,0.01745700719052746,0.010463628330180778,-0.01385681350684639,An Essay Concerning Humane Understanding,John Locke,An Essay Concerning Humane Understanding by John Locke (CH31)
5,32,-0.14458529031338682,-0.06976734447640028,0.03896117556259479,-0.04244207749843284,-0.0036706609095411764,0.03696362652616059,0.0856662739956211,0.058836779140824164,-0.025899449898950558,-0.19180118015099257,An Essay Concerning Humane Understanding,John Locke,An Essay Concerning Humane Understanding by John Locke (CH32)
5,33,-0.3535885238875671,-0.009241667322184292,0.21767236217794872,-0.06607515900034364,0.0259333955801326,-0.056627135265575126,-0.09986678609698088,-0.1152632878520915,0.1011103266768017,-0.0039447623285667555,An Essay Concerning Humane Understanding,John Locke,An Essay Concerning Humane Understanding by John Locke (CH33)
5,34,-0.38570397479689333,-0.027333015503517678,0.27071445453772647,-0.062083953016689265,0.01778952315700479,0.23876260709770922,0.08901411295822104,0.025725998388341886,-0.06977696877530519,-0.019036944899711365,An Essay Concerning Humane Understanding,John Locke,An Essay Concerning Humane Understanding by John Locke (CH34)
5,35,-0.519146600724828,-0.01091110397295941,0.3381754048601229,-0.09208272900983278,0.04545484855139116,0.2307499626165504,0.0845739147264036,-0.08047023974664615,0.03537016450451643,0.04620428880272751,An Essay Concerning Humane Understanding,John Locke,An Essay Concerning Humane Understanding by John Locke (CH35)
5,36,-0.4095031665450827,0.03291939624372906,0.16041861273902946,-0.05530839947475391,0.01104186403615078,0.21630396954327846,0.03873782075298102,-0.02694153827196247,-0.01757712289330292,0.06172903384346051,An Essay Concerning Humane Understanding,John Locke,An Essay Concerning Humane Understanding by John Locke (CH36)
5,37,-0.2030252292131506,-0.004308261553131161,-0.12954576721059752,-0.0007936338052309414,-0.0042197301215040365,-0.03404756535619316,0.0960386895557767,0.07528790290969468,0.035354558892551166,-0.06805518808844806,An Essay Concerning Humane Understanding,John Locke,An Essay Concerning Humane Understanding by John Locke (CH37)
6,1,-0.1880840583415527,-0.0021827540449598642,0.02114358532836135,-0.029696561700022828,0.021871156923255933,0.06229887084463973,0.0647535032713807,0.03319387624496559,-0.051982517867666826,0.055480643642324474,"An Essay Concerning Humane Understanding, Volume 2",John Locke,"An Essay Concerning Humane Understanding, Volume 2 by John Locke (CH1)"
6,2,-0.30909383250966355,0.027519283062611446,0.11291080439035725,-0.08716934025726775,0.03538628650071316,0.1709990267866056,0.12810701343701755,0.006767462620957131,0.019271996086750738,0.1341843972648164,"An Essay Concerning Humane Understanding, Volume 2",John Locke,"An Essay Concerning Humane Understanding, Volume 2 by John Locke (CH2)"
6,3,-0.4218265729548319,-0.03370051244362105,0.18468385027738524,-0.027888982175831818,0.015209825722723044,0.31189278078510785,0.16714863318925172,-0.13123018455922486,0.07674920646820177,0.12858409210041072,"An Essay Concerning Humane Understanding, Volume 2",John Locke,"An Essay Concerning Humane Understanding, Volume 2 by John Locke (CH3)"
6,4,-0.3893206326505349,0.010895185625223196,0.27861750909137256,-0.06498952776356347,0.03129257834696535,0.05061583549368807,0.05004991804989516,0.08086236169196508,-0.09965691579649896,-0.02861449126643528,"An Essay Concerning Humane Understanding, Volume 2",John Locke,"An Essay Concerning Humane Understanding, Volume 2 by John Locke (CH4)"
6,5,-0.4060870916927302,-0.03567132551896294,0.27484250931809995,-0.0690250614393655,0.028799681526468304,0.30713848310225045,0.054526106370765166,0.08229249933317757,-0.05013257389373779,-0.009240520579947698,"An Essay Concerning Humane Understanding, Volume 2",John Locke,"An Essay Concerning Humane Understanding, Volume 2 by John Locke (CH5)"
6,6,-0.4761264070356281,-0.01966854020650005,0.2592107643993861,-0.06769126589981067,0.046336312653735744,0.3416242618727228,0.17029597496431015,-0.09682652833549464,0.09879493354187571,0.11930653176680531,"An Essay Concerning Humane Understanding, Volume 2",John Locke,"An Essay Concerning Humane Understanding, Volume 2 by John Locke (CH6)"
6,7,-0.2073563808891022,0.0033686099669689175,-0.09849639627585094,0.007956282865117237,-0.02421500831482129,0.015095523929667964,0.008104242399280724,0.0759462760965391,-0.09981176668023434,-0.020725255704792143,"An Essay Concerning Humane Understanding, Volume 2",John Locke,"An Essay Concerning Humane Understanding, Volume 2 by John Locke (CH7)"
6,8,-0.23289999191263647,0.0017832919756699984,0.0732542245241243,-0.01913355319967946,-0.014255036128604794,0.1757853834831451,0.08736530651887266,-0.07553215750706253,0.032988356659199504,0.12477862930125784,"An Essay Concerning Humane Understanding, Volume 2",John Locke,"An Essay Concerning Humane Understanding, Volume 2 by John Locke (CH8)"
6,9,-0.41118814529054276,0.00016420032519418265,0.21576498576969538,-0.08490243549913891,0.053405651398114276,0.3463899748413935,0.15936289333270617,0.060246387495651386,0.03411952126873379,0.06010318170595825,"An Essay Concerning Humane Understanding, Volume 2",John Locke,"An Essay Concerning Humane Understanding, Volume 2 by John Locke (CH9)"
6,10,-0.4208645704267006,0.00594879575864243,0.12381920129413274,-0.08530752575509058,0.05206453025009203,0.27428505419516414,0.19631478424242102,-0.0255040314994999,0.13644935797749003,0.1432299757680522,"An Essay Concerning Humane Understanding, Volume 2",John Locke,"An Essay Concerning Humane Understanding, Volume 2 by John Locke (CH10)"
6,11,-0.47763911891987965,0.004396576412904301,0.07478817310791182,-0.07245291481202684,0.014949843051592148,0.3116893433637225,0.13258616445704222,0.02959790470218568,0.0723541639147571,0.03847220437551644,"An Essay Concerning Humane Understanding, Volume 2",John Locke,"An Essay Concerning Humane Understanding, Volume 2 by John Locke (CH11)"
6,12,-0.3382577339670497,0.016520432779081533,-0.4235430969064452,0.05410128403098379,-0.12615501133317666,0.09362215642151452,-0.21479429714261555,-0.1335332322221391,-0.08740422195311531,0.022446033929933978,"An Essay Concerning Humane Understanding, Volume 2",John Locke,"An Essay Concerning Humane Understanding, Volume 2 by John Locke (CH12)"
6,13,-0.3533198199053349,0.03245337774045942,-0.41564134622450527,0.03833021700274183,-0.1209794455707753,-0.019712856617555858,-0.24987829335139072,-0.09387103043281822,-0.09697774303237197,-0.006090792183006809,"An Essay Concerning Humane Understanding, Volume 2",John Locke,"An Essay Concerning Humane Understanding, Volume 2 by John Locke (CH13)"
6,14,-0.44707110033327613,0.015501147003609245,-0.2906695094482729,-0.012343205112379702,-0.06497268004508622,0.04026911262808971,-0.03904692270369349,-0.0053433383194609295,0.02230399907620405,-0.0011210460881772256,"An Essay Concerning Humane Understanding, Volume 2",John Locke,"An Essay Concerning Humane Understanding, Volume 2 by John Locke (CH14)"
6,15,-0.4251026401426246,0.003994547650214,-0.1690667705284302,-0.007603097022440542,-0.03785985889868302,0.2047815644608263,0.0314826033078807,-0.0809964352013439,0.018846017792668587,0.05757859080159995,"An Essay Concerning Humane Understanding, Volume 2",John Locke,"An Essay Concerning Humane Understanding, Volume 2 by John Locke (CH15)"
6,16,-0.3604091019902603,0.01916865914076752,-0.23493778240190724,0.013600685306499159,-0.07214348446380996,0.21235655211955212,-0.10904287430324576,-0.12376103329333288,0.015030184796280372,0.07120025623054133,"An Essay Concerning Humane Understanding, Volume 2",John Locke,"An Essay Concerning Humane Understanding, Volume 2 by John Locke (CH16)"
6,17,-0.4687066673310437,-0.004548283787504475,-0.012900632159256452,-0.029000297586165596,-0.03418901263058786,0.32956576901729195,0.05971220615169611,-0.12978693202923514,0.08002528448751757,0.14636810218393453,"An Essay Concerning Humane Understanding, Volume 2",John Locke,"An Essay Concerning Humane Understanding, Volume 2 by John Locke (CH17)"
6,18,-0.4711927545770622,0.0118532445508211,-0.26446183554813446,0.029146291668793067,-0.06105513460947317,0.1394570823476183,-0.10593264165118157,-0.15127488577610954,0.11218061660325337,0.05195890064222774,"An Essay Concerning Humane Understanding, Volume 2",John Locke,"An Essay Concerning Humane Understanding, Volume 2 by John Locke (CH18)"
6,19,-0.4435850693143747,0.03157996922663435,0.015819950782907412,-0.027808901990556762,0.012237844490262694,0.29408340427706314,0.05875118479216597,-0.05214282817862084,0.054357142252694356,0.1102180302710339,"An Essay Concerning Humane Understanding, Volume 2",John Locke,"An Essay Concerning Humane Understanding, Volume 2 by John Locke (CH19)"
6,20,-0.20599701586976235,0.01451542108034136,-0.1281270582819732,0.03258490736189939,-0.05089708356104953,-0.06734507603317984,-0.07948942160942098,-0.03742909916494795,-0.16603175521551278,-0.06980927963634441,"An Essay Concerning Humane Understanding, Volume 2",John Locke,"An Essay Concerning Humane Understanding, Volume 2 by John Locke (CH20)"
6,21,-0.1521757050798165,0.036854650769289725,-0.08721302920792945,0.015034619785805593,0.0056618982441639385,-0.1824915652725291,-0.039700347418473746,-0.02991569102716153,0.0063406235374646,0.036815822391675274,"An Essay Concerning Humane Understanding, Volume 2",John Locke,"An Essay Concerning Humane Understanding, Volume 2 by John Locke (CH21)"
6,22,-0.3292005466999359,0.05472718592635877,-0.23104868809010176,0.03738905108141969,-0.03197285837198197,-0.08970401235649683,-0.0818457033037983,-0.03649098174038222,-0.11712866982244427,-0.037098632678995484,"An Essay Concerning Humane Understanding, Volume 2",John Locke,"An Essay Concerning Humane Understanding, Volume 2 by John Locke (CH22)"
6,23,-0.3855070994160695,-0.006310848616395384,-0.28772499037588645,0.03628764423956636,-0.06972560385616511,0.21955026665823377,0.06798241373160578,-0.021547360615589917,0.14901898434725336,0.07801161614372612,"An Essay Concerning Humane Understanding, Volume 2",John Locke,"An Essay Concerning Humane Understanding, Volume 2 by John Locke (CH23)"
6,24,-0.18768379799504065,0.04710997355770979,-0.25731231893217577,0.01780420700979761,-0.06605090794339318,-0.05878968248432709,-0.08724041374062244,-0.03776912770855107,-0.03273718367563114,0.006823994252007472,"An Essay Concerning Humane Understanding, Volume 2",John Locke,"An Essay Concerning Humane Understanding, Volume 2 by John Locke (CH24)"
6,25,-0.18220789325927805,0.05740466665345786,-0.46556170379240397,0.05148498434737951,-0.103210406751983,0.024821000277659395,-0.1854210864766043,-0.017156900027779688,-0.049072395646841516,0.010861540482326999,"An Essay Concerning Humane Understanding, Volume 2",John Locke,"An Essay Concerning Humane Understanding, Volume 2 by John Locke (CH25)"
6,26,-0.20691109608638683,0.05103623022683408,-0.5760352324456778,0.09286023652846886,-0.14062483871613896,0.09323058566380366,-0.27445707961264076,-0.06895034678308468,-0.003960383344428416,-0.0021439549427854235,"An Essay Concerning Humane Understanding, Volume 2",John Locke,"An Essay Concerning Humane Understanding, Volume 2 by John Locke (CH26)"
6,27,-0.15459514937522043,0.042874487735886986,-0.46454048441964324,0.07562955973544204,-0.08472800239542087,0.00623640998696148,-0.16909831813271817,0.02784498919859003,0.02205096689833671,-0.06911507884796002,"An Essay Concerning Humane Understanding, Volume 2",John Locke,"An Essay Concerning Humane Understanding, Volume 2 by John Locke (CH27)"
6,28,-0.2948852780006558,0.048275299852381486,-0.568403427188859,0.06276558838606261,-0.12392902842194024,0.08746145186896263,-0.20332863035271864,-0.04554852375548052,-0.010591932242347581,-0.03316420176496586,"An Essay Concerning Humane Understanding, Volume 2",John Locke,"An Essay Concerning Humane Understanding, Volume 2 by John Locke (CH28)"
6,29,-0.1490546207156676,0.113817909150099,-0.3934074589718456,0.05941707333952311,-0.0333566050403818,0.05756922279103143,-0.16953285907471188,-0.0375586926741136,-0.023231557620375855,0.012010454853839258,"An Essay Concerning Humane Understanding, Volume 2",John Locke,"An Essay Concerning Humane Understanding, Volume 2 by John Locke (CH29)"
6,31,-0.11949853774717326,0.04691111546283365,-0.5010929305495145,0.08114670621825584,-0.08989016996227531,0.03664741113045601,-0.13748371386049707,0.02331567434357003,0.06158845464951098,-0.07004098651880261,"An Essay Concerning Humane Understanding, Volume 2",John Locke,"An Essay Concerning Humane Understanding, Volume 2 by John Locke (CH31)"
6,32,-0.12893214277588314,0.031074680291429783,-0.162339114400678,0.04273452050024778,-0.025496515440214768,-0.0437693155950027,0.01233036201913574,0.11324728368685749,-0.004885294445476271,0.019519657542745115,"An Essay Concerning Humane Understanding, Volume 2",John Locke,"An Essay Concerning Humane Understanding, Volume 2 by John Locke (CH32)"
